Last Name,First Name,Party,State,Class,Phone,Website,Address,Bioguide ID,Leadership Position
Alsobrooks,Angela D.,D,MD,Class I,(202) 224-4524,https://alsobrooks.senate.gov/,374 Russell Senate Office Building Washington DC 20510,A000382,
Baldwin,Tammy,D,WI,Class I,(202) 224-5653,https://www.baldwin.senate.gov/,141 Hart Senate Office Building Washington DC 20510,B001230,
Banks,Jim,R,IN,Class I,(202) 224-4814,https://www.banks.senate.gov/,303 Hart Senate Office Building Washington DC 20510,B001299,
Barrasso,John,R,WY,Class I,(202) 224-6441,https://www.barrasso.senate.gov,307 Dirksen Senate Office Building Washington DC 20510,B001261,Majority Whip
Bennet,Michael F.,D,CO,Class III,(202) 224-5852,https://www.bennet.senate.gov,261 Russell Senate Office Building Washington DC 20510,B001267,
Blackburn,Marsha,R,TN,Class I,(202) 224-3344,https://www.blackburn.senate.gov,357 Dirksen Senate Office Building Washington DC 20510,B001243,
Blumenthal,Richard,D,CT,Class III,(202) 224-2823,https://www.blumenthal.senate.gov,503 Hart Senate Office Building Washington DC 20510,B001277,
Blunt Rochester,Lisa,D,DE,Class I,(202) 224-2441,https://www.bluntrochester.senate.gov/,513 Hart Senate Office Building Washington DC 20510,B001303,
Booker,Cory A.,D,NJ,Class II,(202) 224-3224,https://www.booker.senate.gov,306 Hart Senate Office Building Washington DC 20510,B001288,
Boozman,John,R,AR,Class III,(202) 224-4843,https://www.boozman.senate.gov/,555 Dirksen Senate Office Building Washington DC 20510,B001236,
Britt,Katie Boyd,R,AL,Class III,(202) 224-5744,https://www.britt.senate.gov/,416 Russell Senate Office Building Washington DC 20510,B001319,
Budd,Ted,R,NC,Class III,(202) 224-3154,https://www.budd.senate.gov/,354 Russell Senate Office Building Washington DC 20510,B001305,
Cantwell,Maria,D,WA,Class I,(202) 224-3441,https://www.cantwell.senate.gov,511 Hart Senate Office Building Washington DC 20510,C000127,
Capito,Shelley Moore,R,WV,Class II,(202) 224-6472,https://www.capito.senate.gov,170 Russell Senate Office Building Washington DC 20510,C001047,
Cassidy,Bill,R,LA,Class II,(202) 224-5824,https://www.cassidy.senate.gov,455 Dirksen Senate Office Building Washington DC 20510,C001075,
Collins,Susan M.,R,ME,Class II,(202) 224-2523,https://www.collins.senate.gov,413 Dirksen Senate Office Building Washington DC 20510,C001035,
Coons,Christopher A.,D,DE,Class II,(202) 224-5042,https://www.coons.senate.gov/,218 Russell Senate Office Building Washington DC 20510,C001088,
Cornyn,John,R,TX,Class II,(202) 224-2934,https://www.cornyn.senate.gov/,517 Hart Senate Office Building Washington DC 20510,C001056,
Cortez Masto,Catherine,D,NV,Class III,(202) 224-3542,https://www.cortezmasto.senate.gov,309 Hart Senate Office Building Washington DC 20510,C001113,
Cotton,Tom,R,AR,Class II,(202) 224-2353,https://www.cotton.senate.gov,326 Russell Senate Office Building Washington DC 20510,C001095,
Cramer,Kevin,R,ND,Class I,(202) 224-2043,https://www.cramer.senate.gov,313 Hart Senate Office Building Washington DC 20510,C001096,
Crapo,Mike,R,ID,Class III,(202) 224-6142,https://www.crapo.senate.gov,239 Dirksen Senate Office Building Washington DC 20510,C000880,
Cruz,Ted,R,TX,Class I,(202) 224-5922,https://www.cruz.senate.gov,167 Russell Senate Office Building Washington DC 20510,C001098,
Curtis,John R.,R,UT,Class I,(202) 224-5251,https://www.curtis.senate.gov/,502 Hart Senate Office Building Washington DC 20510,C001114,
Daines,Steve,R,MT,Class II,(202) 224-2651,https://www.daines.senate.gov,320 Hart Senate Office Building Washington DC 20510,D000618,
Duckworth,Tammy,D,IL,Class III,(202) 224-2854,https://www.duckworth.senate.gov,524 Hart Senate Office Building Washington DC 20510,D000622,
Durbin,Richard J.,D,IL,Class II,(202) 224-2152,https://www.durbin.senate.gov,711 Hart Senate Office Building Washington DC 20510,D000563,Democratic Whip
Ernst,Joni,R,IA,Class II,(202) 224-3254,https://www.ernst.senate.gov,260 Russell Senate Office Building Washington DC 20510,E000295,
Fetterman,John,D,PA,Class III,(202) 224-4254,https://www.fetterman.senate.gov/,142 Russell Senate Office Building Washington DC 20510,F000479,
Fischer,Deb,R,NE,Class I,(202) 224-6551,https://www.fischer.senate.gov,448 Russell Senate Office Building Washington DC 20510,F000463,
Gallego,Ruben,D,AZ,Class I,(202) 224-4521,https://www.gallego.senate.gov/,302 Hart Senate Office Building Washington DC 20510,G000574,
Gillibrand,Kirsten E.,D,NY,Class I,(202) 224-4451,https://www.gillibrand.senate.gov,478 Russell Senate Office Building Washington DC 20510,G000555,
Graham,Lindsey,R,SC,Class II,(202) 224-5972,https://www.lgraham.senate.gov/,211 Russell Senate Office Building Washington DC 20510,G000359,
Grassley,Chuck,R,IA,Class III,(202) 224-3744,https://www.grassley.senate.gov,135 Hart Senate Office Building Washington DC 20510,G000386,President Pro Tempore
Hagerty,Bill,R,TN,Class II,(202) 224-4944,https://www.hagerty.senate.gov,251 Russell Senate Office Building Washington DC 20510,H000601,
Hassan,Margaret Wood,D,NH,Class III,(202) 224-3324,https://www.hassan.senate.gov,324 Hart Senate Office Building Washington DC 20510,H001076,
Hawley,Josh,R,MO,Class I,(202) 224-6154,https://www.hawley.senate.gov,381 Russell Senate Office Building Washington DC 20510,H001089,
Heinrich,Martin,D,NM,Class I,(202) 224-5521,https://www.heinrich.senate.gov/,709 Hart Senate Office Building Washington DC 20510,H001046,
Hickenlooper,John W.,D,CO,Class II,(202) 224-5941,https://www.hickenlooper.senate.gov,316 Hart Senate Office Building Washington DC 20510,H000273,
Hirono,Mazie K.,D,HI,Class I,(202) 224-6361,https://www.hirono.senate.gov/,109 Hart Senate Office Building Washington DC 20510,H001042,
Hoeven,John,R,ND,Class III,(202) 224-2551,https://www.hoeven.senate.gov,338 Russell Senate Office Building Washington DC 20510,H001061,
Husted,Jon,R,OH,Class III,(202) 224-3353,https://www.husted.senate.gov/,304 Russell Senate Office Building Washington DC 20510,H001104,
Hyde-Smith,Cindy,R,MS,Class II,(202) 224-5054,https://www.hydesmith.senate.gov/,528 Hart Senate Office Building Washington DC 20510,H001079,
Johnson,Ron,R,WI,Class III,(202) 224-5323,https://www.ronjohnson.senate.gov/,328 Hart Senate Office Building Washington DC 20510,J000293,
Justice,James C.,R,WV,Class I,(202) 224-3954,https://www.justice.senate.gov/,G12 Dirksen Senate Office Building Washington DC 20510,J000312,
Kaine,Tim,D,VA,Class I,(202) 224-4024,https://www.kaine.senate.gov/,231 Russell Senate Office Building Washington DC 20510,K000384,
Kelly,Mark,D,AZ,Class III,(202) 224-2235,https://www.kelly.senate.gov,516 Hart Senate Office Building Washington DC 20510,K000377,
Kennedy,John,R,LA,Class III,(202) 224-4623,https://www.kennedy.senate.gov,437 Russell Senate Office Building Washington DC 20510,K000393,
Kim,Andy,D,NJ,Class I,(202) 224-4744,https://www.kim.senate.gov/,520 Hart Senate Office Building Washington DC 20510,K000394,
King,Angus S. Jr.,I,ME,Class I,(202) 224-5344,https://www.king.senate.gov/,133 Hart Senate Office Building Washington DC 20510,K000383,
Klobuchar,Amy,D,MN,Class I,(202) 224-3244,https://www.klobuchar.senate.gov/,425 Dirksen Senate Office Building Washington DC 20510,K000367,
Lankford,James,R,OK,Class III,(202) 224-5754,https://www.lankford.senate.gov,731 Hart Senate Office Building Washington DC 20510,L000575,
Lee,Mike,R,UT,Class III,(202) 224-5444,https://www.lee.senate.gov/,363 Russell Senate Office Building Washington DC 20510,L000577,
Luj√°n,Ben Ray,D,NM,Class II,(202) 224-6621,https://www.lujan.senate.gov,498 Russell Senate Office Building Washington DC 20510,L000570,
Lummis,Cynthia M.,R,WY,Class II,(202) 224-3424,https://www.lummis.senate.gov,127A Russell Senate Office Building Washington DC 20510,L000571,
Markey,Edward J.,D,MA,Class II,(202) 224-2742,https://www.markey.senate.gov,255 Dirksen Senate Office Building Washington DC 20510,M000133,
Marshall,Roger,R,KS,Class II,(202) 224-4774,https://www.marshall.senate.gov,479A Russell Senate Office Building Washington DC 20510,M001198,
McConnell,Mitch,R,KY,Class II,(202) 224-2541,https://www.mcconnell.senate.gov/,317 Russell Senate Office Building Washington DC 20510,M000355,
McCormick,David,R,PA,Class I,(202) 224-6324,https://mccormick.senate.gov/,702 Hart Senate Office Building Washington DC 20510,M001243,
Merkley,Jeff,D,OR,Class II,(202) 224-3753,https://www.merkley.senate.gov,531 Hart Senate Office Building Washington DC 20510,M001176,
Moody,Ashley,R,FL,Class III,(202) 224-3041,https://www.moody.senate.gov,387 Russell Senate Office Building Washington DC 20510,M001244,
Moran,Jerry,R,KS,Class III,(202) 224-6521,https://www.moran.senate.gov,521 Dirksen Senate Office Building Washington DC 20510,M000934,
Moreno,Bernie,R,OH,Class I,(202) 224-2315,https://www.moreno.senate.gov,284 Russell Senate Office Building Washington DC 20510,M001242,
Mullin,Markwayne,R,OK,Class II,(202) 224-4721,https://www.mullin.senate.gov/,330 Hart Senate Office Building Washington DC 20510,M001190,
Murkowski,Lisa,R,AK,Class III,(202) 224-6665,https://www.murkowski.senate.gov/,522 Hart Senate Office Building Washington DC 20510,M001153,
Murphy,Christopher,D,CT,Class I,(202) 224-4041,https://www.murphy.senate.gov/,136 Hart Senate Office Building Washington DC 20510,M001169,
Murray,Patty,D,WA,Class III,(202) 224-2621,https://www.murray.senate.gov/,154 Russell Senate Office Building Washington DC 20510,M001111,
Ossoff,Jon,D,GA,Class II,(202) 224-3521,https://www.ossoff.senate.gov,317 Hart Senate Office Building Washington DC 20510,O000174,
Padilla,Alex,D,CA,Class III,(202) 224-3553,https://www.padilla.senate.gov,331 Hart Senate Office Building Washington DC 20510,P000145,
Paul,Rand,R,KY,Class III,(202) 224-4343,https://www.paul.senate.gov,295 Russell Senate Office Building Washington DC 20510,P000603,
Peters,Gary C.,D,MI,Class II,(202) 224-6221,https://www.peters.senate.gov,724 Hart Senate Office Building Washington DC 20510,P000595,
Reed,Jack,D,RI,Class II,(202) 224-4642,https://www.reed.senate.gov/,728 Hart Senate Office Building Washington DC 20510,R000122,
Ricketts,Pete,R,NE,Class II,(202) 224-4224,https://www.ricketts.senate.gov,139 Russell Senate Office Building Washington DC 20510,R000618,
Risch,James E.,R,ID,Class II,(202) 224-2752,https://www.risch.senate.gov,483 Russell Senate Office Building Washington DC 20510,R000584,
Rosen,Jacky,D,NV,Class I,(202) 224-6244,https://www.rosen.senate.gov,713 Hart Senate Office Building Washington DC 20510,R000608,
Rounds,Mike,R,SD,Class II,(202) 224-5842,https://www.rounds.senate.gov,716 Hart Senate Office Building Washington DC 20510,R000605,
Sanders,Bernard,I,VT,Class I,(202) 224-5141,https://www.sanders.senate.gov/,332 Dirksen Senate Office Building Washington DC 20510,S000033,
Schatz,Brian,D,HI,Class III,(202) 224-3934,https://www.schatz.senate.gov,722 Hart Senate Office Building Washington DC 20510,S001194,
Schiff,Adam B.,D,CA,Class I,(202) 224-3841,https://www.schiff.senate.gov,112 Hart Senate Office Building Washington DC 20510,S001150,
Schmitt,Eric,R,MO,Class III,(202) 224-5721,https://www.schmitt.senate.gov/,404 Russell Senate Office Building Washington DC 20510,S001227,
Schumer,Charles E.,D,NY,Class III,(202) 224-6542,https://www.schumer.senate.gov/,322 Hart Senate Office Building Washington DC 20510,S000148,Democratic Leader Chair of the Conference
Scott,Rick,R,FL,Class I,(202) 224-5274,https://www.rickscott.senate.gov/,110 Hart Senate Office Building Washington DC 20510,S001217,
Scott,Tim,R,SC,Class III,(202) 224-6121,https://www.scott.senate.gov/,104 Hart Senate Office Building Washington DC 20510,S001184,
Shaheen,Jeanne,D,NH,Class II,(202) 224-2841,https://www.shaheen.senate.gov,506 Hart Senate Office Building Washington DC 20510,S001181,
Sheehy,Tim,R,MT,Class I,(202) 224-2644,https://www.sheehy.senate.gov/,124 Russell Senate Office Building Washington DC 20510,S001232,
Slotkin,Elissa,D,MI,Class I,(202) 224-4822,https://www.slotkin.senate.gov/,291 Russell Senate Office Building Washington DC 20510,S001208,
Smith,Tina,D,MN,Class II,(202) 224-5641,https://www.smith.senate.gov,720 Hart Senate Office Building Washington DC 20510,S001203,
Sullivan,Dan,R,AK,Class II,(202) 224-3004,https://www.sullivan.senate.gov,706 Hart Senate Office Building Washington DC 20510,S001198,
Thune,John,R,SD,Class III,(202) 224-2321,https://www.thune.senate.gov/,511 Dirksen Senate Office Building Washington DC 20510,T000250,Majority Leader
Tillis,Thom,R,NC,Class II,(202) 224-6342,https://www.tillis.senate.gov,113 Dirksen Senate Office Building Washington DC 20510,T000476,
Tuberville,Tommy,R,AL,Class II,(202) 224-4124,https://www.tuberville.senate.gov,455 Russell Senate Office Building Washington DC 20510,T000278,
Van Hollen,Chris,D,MD,Class III,(202) 224-4654,https://www.vanhollen.senate.gov,730 Hart Senate Office Building Washington DC 20510,V000128,
Warner,Mark R.,D,VA,Class II,(202) 224-2023,https://www.warner.senate.gov,703 Hart Senate Office Building Washington DC 20510,W000805,
Warnock,Raphael G.,D,GA,Class III,(202) 224-3643,https://www.warnock.senate.gov,717 Hart Senate Office Building Washington DC 20510,W000790,
Warren,Elizabeth,D,MA,Class I,(202) 224-4543,https://www.warren.senate.gov,311 Hart Senate Office Building Washington DC 20510,W000817,
Welch,Peter,D,VT,Class III,(202) 224-4242,https://www.welch.senate.gov/,115 Russell Senate Office Building Washington DC 20510,W000800,
Whitehouse,Sheldon,D,RI,Class I,(202) 224-2921,https://www.whitehouse.senate.gov/,530 Hart Senate Office Building Washington DC 20510,W000802,
Wicker,Roger F.,R,MS,Class I,(202) 224-6253,https://www.wicker.senate.gov,425 Russell Senate Office Building Washington DC 20510,W000437,
Wyden,Ron,D,OR,Class III,(202) 224-5244,https://www.wyden.senate.gov/,221 Dirksen Senate Office Building Washington DC 20510,W000779,
Young,Todd,R,IN,Class III,(202) 224-5623,https://www.young.senate.gov,185 Dirksen Senate Office Building Washington DC 20510,Y000064,